"Non-resident visitors entering Canada, by country of residence 1"
"Frequency: Monthly"
"Table: 24-10-0050-01"
"Release date: 2025-09-23"
"Geography: Canada, Province or territory"
""
""

"Geography","Canada",,,,,,,,,,,,,,,,,,,,,,,,,,,,,,,,,,,,,,,,,,,,,,,,,,,,,,,,,,,,,,,,,,,,,,,,,,,,,,,,,,,,,,,,,,,,,,,,,,,,,,,,,,,,,,,,,,,,,,,,,,,,,,,,,,,,,,,,,,,,,,,,,,,,,,,,,,,,,,,,,,,,,,,,,,,,,,,,,,,,,,,,,,,,,,,,,,,,,,,,,,,,,,,,,,,,,,,,,,,,,,,,,,,,,,,,,,,,,,,,,,,,,,,,,,,,,,,,,,,,,,,,,,,,,,,,,,,,,,,,,,,,,,,,,,,,,,,,
"Country of residence 2","July 2000","August 2000","September 2000","October 2000","November 2000","December 2000","January 2001","February 2001","March 2001","April 2001","May 2001","June 2001","July 2001","August 2001","September 2001","October 2001","November 2001","December 2001","January 2002","February 2002","March 2002","April 2002","May 2002","June 2002","July 2002","August 2002","September 2002","October 2002","November 2002","December 2002","January 2003","February 2003","March 2003","April 2003","May 2003","June 2003","July 2003","August 2003","September 2003","October 2003","November 2003","December 2003","January 2004","February 2004","March 2004","April 2004","May 2004","June 2004","July 2004","August 2004","September 2004","October 2004","November 2004","December 2004","January 2005","February 2005","March 2005","April 2005","May 2005","June 2005","July 2005","August 2005","September 2005","October 2005","November 2005","December 2005","January 2006","February 2006","March 2006","April 2006","May 2006","June 2006","July 2006","August 2006","September 2006","October 2006","November 2006","December 2006","January 2007","February 2007","March 2007","April 2007","May 2007","June 2007","July 2007","August 2007","September 2007","October 2007","November 2007","December 2007","January 2008","February 2008","March 2008","April 2008","May 2008","June 2008","July 2008","August 2008","September 2008","October 2008","November 2008","December 2008","January 2009","February 2009","March 2009","April 2009","May 2009","June 2009","July 2009","August 2009","September 2009","October 2009","November 2009","December 2009","January 2010","February 2010","March 2010","April 2010","May 2010","June 2010","July 2010","August 2010","September 2010","October 2010","November 2010","December 2010","January 2011","February 2011","March 2011","April 2011","May 2011","June 2011","July 2011","August 2011","September 2011","October 2011","November 2011","December 2011","January 2012","February 2012","March 2012","April 2012","May 2012","June 2012","July 2012","August 2012","September 2012","October 2012","November 2012","December 2012","January 2013","February 2013","March 2013","April 2013","May 2013","June 2013","July 2013","August 2013","September 2013","October 2013","November 2013","December 2013","January 2014","February 2014","March 2014","April 2014","May 2014","June 2014","July 2014","August 2014","September 2014","October 2014","November 2014","December 2014","January 2015","February 2015","March 2015","April 2015","May 2015","June 2015","July 2015","August 2015","September 2015","October 2015","November 2015","December 2015","January 2016","February 2016","March 2016","April 2016","May 2016","June 2016","July 2016","August 2016","September 2016","October 2016","November 2016","December 2016","January 2017","February 2017","March 2017","April 2017","May 2017","June 2017","July 2017","August 2017","September 2017","October 2017","November 2017","December 2017","January 2018","February 2018","March 2018","April 2018","May 2018","June 2018","July 2018","August 2018","September 2018","October 2018","November 2018","December 2018","January 2019","February 2019","March 2019","April 2019","May 2019","June 2019","July 2019","August 2019","September 2019","October 2019","November 2019","December 2019","January 2020","February 2020","March 2020","April 2020","May 2020","June 2020","July 2020","August 2020","September 2020","October 2020","November 2020","December 2020","January 2021","February 2021","March 2021","April 2021","May 2021","June 2021","July 2021","August 2021","September 2021","October 2021","November 2021","December 2021","January 2022","February 2022","March 2022","April 2022","May 2022","June 2022","July 2022","August 2022","September 2022","October 2022","November 2022","December 2022","January 2023","February 2023","March 2023","April 2023","May 2023","June 2023","July 2023","August 2023","September 2023","October 2023","November 2023","December 2023","January 2024","February 2024","March 2024","April 2024","May 2024","June 2024","July 2024","August 2024","September 2024","October 2024","November 2024","December 2024","January 2025","February 2025","March 2025"
,"Visitors",,,,,,,,,,,,,,,,,,,,,,,,,,,,,,,,,,,,,,,,,,,,,,,,,,,,,,,,,,,,,,,,,,,,,,,,,,,,,,,,,,,,,,,,,,,,,,,,,,,,,,,,,,,,,,,,,,,,,,,,,,,,,,,,,,,,,,,,,,,,,,,,,,,,,,,,,,,,,,,,,,,,,,,,,,,,,,,,,,,,,,,,,,,,,,,,,,,,,,,,,,,,,,,,,,,,,,,,,,,,,,,,,,,,,,,,,,,,,,,,,,,,,,,,,,,,,,,,,,,,,,,,,,,,,,,,,,,,,,,,,,,,,,,,,,,,,,,,
"Non-resident visitors entering Canada","6,668,533","6,304,853","4,749,119","3,682,432","2,969,891","3,038,015","2,711,389","2,801,484","3,252,550","3,455,446","4,293,937","5,430,183","6,854,300","6,731,432","3,614,253","2,692,577","2,510,445","2,798,651","2,346,588","2,522,409","2,993,018","2,971,116","3,852,637","4,784,577","6,154,626","6,256,102","3,987,390","3,325,417","2,761,005","2,941,375","2,391,075","2,333,943","2,475,616","2,408,901","3,097,651","3,993,119","5,303,604","5,454,479","3,453,640","2,994,876","2,432,472","2,563,255","2,005,306","2,233,225","2,377,627","2,546,812","3,285,013","4,202,184","5,616,279","5,189,920","3,736,616","2,978,471","2,253,271","2,419,942","1,900,770","2,064,546","2,298,874","2,359,911","3,075,618","4,021,445","5,344,767","4,724,018","3,436,087","2,612,637","2,025,479","2,295,954","1,833,564","1,825,365","2,076,804","2,297,236","2,865,733","3,755,910","4,805,944","4,380,312","3,182,245","2,331,097","1,855,101","2,180,900","1,561,001","1,543,350","1,821,188","1,930,730","2,653,574","3,594,044","4,370,709","4,237,180","2,986,680","2,185,303","1,649,240","1,840,470","1,380,869","1,403,908","1,591,223","1,676,030","2,460,246","3,129,440","3,978,381","3,967,054","2,540,740","2,009,357","1,529,740","1,703,121","1,304,991","1,328,062","1,470,066","1,717,551","2,344,314","2,629,037","3,513,120","3,339,370","2,416,355","1,772,354","1,303,502","1,556,989","1,244,702","1,372,605","1,460,609","1,633,037","2,187,652","2,893,275","3,830,921","3,491,727","2,553,089","1,930,151","1,397,497","1,625,927","1,205,792","1,193,439","1,356,547","1,611,380","2,136,897","2,906,869","3,776,101","3,373,611","2,533,444","1,872,151","1,397,947","1,701,964","1,229,844","1,300,647","1,453,396","1,647,167","2,181,573","3,012,675","3,615,870","3,525,676","2,474,048","1,818,448","1,381,083","1,677,519","1,215,381","1,222,836","1,503,770","1,500,208","2,189,503","2,972,332","3,614,835","3,659,252","2,404,546","1,851,349","1,393,804","1,639,199","1,189,185","1,188,099","1,355,674","1,615,335","2,264,944","3,004,316","3,687,564","3,750,119","2,455,033","1,951,935","1,370,006","1,725,804","1,260,127","1,255,498","1,448,210","1,687,028","2,453,533","3,306,450","4,083,433","3,801,481","2,789,062","2,073,074","1,510,420","1,886,627","1,410,197","1,479,870","1,722,059","1,848,966","2,584,792","3,487,950","4,562,023","4,020,786","3,078,069","2,273,851","1,647,733","2,025,995","1,478,918","1,467,119","1,670,640","2,054,513","2,596,495","3,709,288","4,569,810","4,192,405","3,179,035","2,353,870","1,734,543","2,074,307","1,466,125","1,526,261","1,861,503","1,815,466","2,611,707","3,793,446","4,515,377","4,357,766","3,101,010","2,330,091","1,750,313","2,145,219","1,492,214","1,494,480","1,803,565","2,071,471","2,808,944","3,887,483","4,713,420","4,612,427","3,144,439","2,422,569","1,786,974","2,191,785","1,567,317","1,595,707","760,252","67,654","86,362","121,524","141,772","158,664","147,777","139,916","127,159","154,246","120,921","101,655","123,583","130,634","140,287","162,940","258,469","600,982","671,662","649,352","560,271","761,360","298,217","419,837","614,160","1,001,313","1,428,129","2,188,742","2,814,980","2,515,454","2,029,087","1,755,938","1,268,343","1,589,448","1,107,737","1,200,979","1,382,309","1,674,026","2,377,019","3,354,384","3,998,113","3,605,712","2,857,225","2,138,008","1,520,059","1,993,965","1,189,366","1,459,708","1,682,944","1,886,774","2,687,964","3,643,749","4,260,020","4,007,080","2,882,158","2,252,283","1,734,045","2,132,061","1,414,635","1,391,190","1,587,932"
"United States of America residents entering Canada","5,958,326","5,686,690","4,170,346","3,323,853","2,765,115","2,764,489","2,516,617","2,600,181","3,013,013","3,165,570","3,897,711","4,887,631","6,169,566","6,109,626","3,166,956","2,429,712","2,356,560","2,558,143","2,179,481","2,333,369","2,767,179","2,741,161","3,509,306","4,334,956","5,509,506","5,704,608","3,524,827","3,015,903","2,575,727","2,682,149","2,204,612","2,142,778","2,278,772","2,205,365","2,854,323","3,631,620","4,818,358","4,989,353","3,061,504","2,727,207","2,271,117","2,324,435","1,833,581","2,044,641","2,177,005","2,303,407","2,905,588","3,716,020","4,976,549","4,607,033","3,221,470","2,605,066","2,076,665","2,159,089","1,711,345","1,854,779","2,053,896","2,107,294","2,677,936","3,484,998","4,653,491","4,119,742","2,892,131","2,266,885","1,826,658","2,005,857","1,629,252","1,619,633","1,841,478","2,018,963","2,451,881","3,227,016","4,137,848","3,768,710","2,648,309","1,991,814","1,657,936","1,879,834","1,353,963","1,322,059","1,564,138","1,655,312","2,235,259","3,034,207","3,675,726","3,611,684","2,438,850","1,840,328","1,437,897","1,525,134","1,162,479","1,174,734","1,333,329","1,398,283","2,004,245","2,554,865","3,263,123","3,314,296","1,988,107","1,669,993","1,335,212","1,406,979","1,090,995","1,120,662","1,254,647","1,436,777","1,973,221","2,147,353","2,895,195","2,782,090","1,947,875","1,461,206","1,128,469","1,287,118","1,045,322","1,152,076","1,220,989","1,365,298","1,786,776","2,357,460","3,165,878","2,869,457","2,044,834","1,600,191","1,214,303","1,342,974","997,427","998,865","1,143,531","1,322,884","1,726,071","2,362,694","3,092,497","2,750,521","2,004,386","1,539,196","1,206,157","1,399,238","1,011,258","1,086,661","1,204,701","1,358,810","1,773,546","2,460,785","2,937,103","2,904,385","1,956,234","1,479,563","1,180,601","1,365,536","1,002,423","1,002,375","1,242,520","1,222,123","1,764,126","2,410,134","2,928,974","2,982,504","1,869,616","1,510,038","1,184,933","1,315,563","953,524","965,268","1,113,080","1,291,033","1,796,721","2,384,427","2,914,109","2,984,275","1,859,587","1,561,984","1,144,248","1,377,156","1,018,877","1,004,172","1,183,579","1,366,855","1,945,998","2,654,034","3,247,114","3,025,954","2,141,658","1,667,215","1,277,052","1,525,352","1,145,168","1,208,277","1,426,637","1,507,640","2,056,876","2,757,286","3,585,256","3,112,184","2,343,198","1,785,403","1,375,198","1,592,262","1,164,610","1,170,713","1,344,621","1,613,774","2,023,086","2,912,046","3,558,512","3,249,568","2,396,044","1,825,062","1,422,079","1,614,905","1,146,690","1,186,593","1,495,019","1,437,650","2,015,515","2,982,857","3,522,169","3,402,996","2,319,196","1,795,847","1,435,666","1,672,242","1,140,166","1,158,358","1,457,330","1,589,192","2,135,005","2,998,407","3,615,631","3,552,265","2,295,325","1,854,059","1,464,188","1,697,726","1,201,690","1,281,300","610,781","51,042","72,078","101,607","113,414","120,824","112,980","112,513","98,444","113,887","86,456","75,398","95,943","95,634","113,451","128,447","194,799","509,669","518,223","488,616","439,089","550,264","218,558","314,845","465,235","759,600","1,112,682","1,724,681","2,193,729","1,968,894","1,560,470","1,388,757","1,036,655","1,221,069","866,679","945,125","1,094,111","1,300,810","1,831,775","2,652,705","3,130,621","2,834,744","2,174,918","1,628,185","1,219,676","1,524,595","910,621","1,127,588","1,336,056","1,476,081","2,072,414","2,897,819","3,353,349","3,195,854","2,198,468","1,760,987","1,448,685","1,685,491","1,105,027","1,076,683","1,257,520"
"Residents of countries other than the United States of America entering Canada","710,207","618,163","578,773","358,579","204,776","273,526","194,772","201,303","239,537","289,876","396,226","542,552","684,734","621,806","447,297","262,865","153,885","240,508","167,107","189,040","225,839","229,955","343,331","449,621","645,120","551,494","462,563","309,514","185,278","259,226","186,463","191,165","196,844","203,536","243,328","361,499","485,246","465,126","392,136","267,669","161,355","238,820","171,725","188,584","200,622","243,405","379,425","486,164","639,730","582,887","515,146","373,405","176,606","260,853","189,425","209,767","244,978","252,617","397,682","536,447","691,276","604,276","543,956","345,752","198,821","290,097","204,312","205,732","235,326","278,273","413,852","528,894","668,096","611,602","533,936","339,283","197,165","301,066","207,038","221,291","257,050","275,418","418,315","559,837","694,983","625,496","547,830","344,975","211,343","315,336","218,390","229,174","257,894","277,747","456,001","574,575","715,258","652,758","552,633","339,364","194,528","296,142","213,996","207,400","215,419","280,774","371,093","481,684","617,925","557,280","468,480","311,148","175,033","269,871","199,380","220,529","239,620","267,739","400,876","535,815","665,043","622,270","508,255","329,960","183,194","282,953","208,365","194,574","213,016","288,496","410,826","544,175","683,604","623,090","529,058","332,955","191,790","302,726","218,586","213,986","248,695","288,357","408,027","551,890","678,767","621,291","517,814","338,885","200,482","311,983","212,958","220,461","261,250","278,085","425,377","562,198","685,861","676,748","534,930","341,311","208,871","323,636","235,661","222,831","242,594","324,302","468,223","619,889","773,455","765,844","595,446","389,951","225,758","348,648","241,250","251,326","264,631","320,173","507,535","652,416","836,319","775,527","647,404","405,859","233,368","361,275","265,029","271,593","295,422","341,326","527,916","730,664","976,767","908,602","734,871","488,448","272,535","433,733","314,308","296,406","326,019","440,739","573,409","797,242","1,011,298","942,837","782,991","528,808","312,464","459,402","319,435","339,668","366,484","377,816","596,192","810,589","993,208","954,770","781,814","534,244","314,647","472,977","352,048","336,122","346,235","482,279","673,939","889,076","1,097,789","1,060,162","849,114","568,510","322,786","494,059","365,627","314,407","149,471","16,612","14,284","19,917","28,358","37,840","34,797","27,403","28,715","40,359","34,465","26,257","27,640","35,000","26,836","34,493","63,670","91,313","153,439","160,736","121,182","211,096","79,659","104,992","148,925","241,713","315,447","464,061","621,251","546,560","468,617","367,181","231,688","368,379","241,058","255,854","288,198","373,216","545,244","701,679","867,492","770,968","682,307","509,823","300,383","469,370","278,745","332,120","346,888","410,693","615,550","745,930","906,671","811,226","683,690","491,296","285,360","446,570","309,608","314,507","330,412"
"Americas, countries other than the United States of America","81,164","56,999","40,177","27,180","18,683","30,954","18,031","16,816","20,696","33,511","33,920","48,137","80,896","61,926","30,836","21,724","15,817","28,079","15,632","15,326","27,465","22,399","31,660","43,395","89,238","59,863","34,721","25,312","17,691","32,744","18,465","16,611","19,659","26,805","23,572","38,840","62,981","47,821","33,955","23,523","18,041","30,771","17,765","18,529","21,517","31,939","34,737","46,894","81,468","60,278","41,652","30,129","18,549","36,005","20,267","18,585","32,387","28,051","37,350","55,643","90,803","61,559","48,041","31,074","21,955","40,247","24,822","21,642","27,428","39,301","40,358","57,373","89,866","68,299","50,012","34,690","24,045","45,350","26,338","24,198","34,653","39,142","45,532","67,169","97,740","73,845","55,821","37,036","28,095","48,358","30,624","27,221","42,229","39,175","50,385","69,858","104,537","75,948","57,573","40,500","27,887","48,510","31,782","26,689","30,795","44,966","40,727","56,992","80,431","52,547","39,892","29,039","19,287","35,328","24,852","20,246","29,967","33,956","37,865","54,118","76,499","58,196","43,430","32,715","20,307","39,059","26,575","19,692","28,897","36,928","39,033","53,792","80,139","59,996","47,845","34,296","21,721","42,746","27,859","25,377","32,305","38,242","41,530","57,400","83,746","63,275","46,831","33,110","25,294","42,502","29,310","24,175","36,806","35,634","43,708","60,146","82,035","66,979","50,134","33,808","25,243","45,780","31,190","25,786","30,295","42,981","47,169","63,360","86,494","78,448","51,283","37,405","27,245","48,445","34,778","29,362","35,347","43,096","52,866","73,621","104,710","80,268","57,822","39,680","27,274","53,644","36,340","31,481","46,532","46,757","54,062","83,094","109,066","83,604","64,307","46,942","31,665","73,771","45,517","43,204","49,177","71,908","77,356","108,440","141,550","101,337","83,739","61,562","48,797","86,487","56,127","49,682","68,644","56,195","77,569","109,215","137,207","117,514","91,720","70,589","54,755","94,842","62,165","53,795","61,934","90,777","93,084","129,970","157,955","133,599","103,895","82,395","58,438","99,563","63,362","55,995","31,895","10,019","7,187","8,012","7,323","7,237","4,463","3,599","4,316","6,434","7,637","5,606","8,706","12,826","9,313","9,754","9,842","11,640","20,237","23,891","23,619","46,126","20,054","24,196","36,112","58,636","56,410","80,835","96,836","81,498","70,778","58,893","53,155","88,933","55,245","57,871","74,654","92,600","90,704","116,307","141,603","137,941","115,783","79,856","68,002","125,278","67,502","73,312","79,114","71,999","84,859","109,670","123,899","115,404","91,587","68,478","61,664","97,319","60,640","57,328","68,389"
"North America, countries other than the United States of America","34,900","21,261","14,320","8,883","6,647","11,069","6,319","5,983","8,066","16,914","13,393","18,635","37,476","25,105","11,399","7,979","5,804","10,889","6,132","6,306","14,398","9,735","13,482","17,540","40,802","24,656","15,020","10,169","7,105","13,895","8,303","7,515","7,930","15,299","10,341","16,312","31,253","21,192","14,300","8,422","6,087","11,790","6,954","7,460","8,890","16,112","14,809","19,663","42,016","26,729","17,707","11,981","6,967","14,039","7,690","7,227","16,737","12,170","16,275","23,792","45,062","25,444","19,191","11,785","8,599","16,393","10,383","8,660","11,880","20,942","17,243","25,002","45,174","28,571","20,739","13,902","9,662","19,135","11,879","11,026","17,428","20,192","20,244","30,488","49,314","33,604","23,724","15,371","12,372","22,150","14,729","13,529","23,733","18,777","23,792","33,068","55,039","35,645","26,151","17,001","11,919","20,168","14,338","12,428","15,221","23,730","16,996","24,850","34,382","17,403","11,866","6,989","5,451","8,928","7,544","6,440","11,872","11,962","11,913","15,939","24,233","16,901","11,740","7,482","5,517","10,637","7,397","6,274","9,853","14,674","12,261","16,793","26,124","18,829","13,765","8,521","6,689","12,092","8,502","8,281","12,287","14,326","13,717","17,890","29,012","19,996","13,619","8,733","6,841","12,072","9,116","7,822","15,033","13,644","13,644","19,700","28,165","21,576","13,988","9,250","8,462","13,261","10,244","9,033","11,629","17,818","16,720","22,165","31,669","25,659","16,525","11,209","9,189","14,884","11,427","10,302","15,150","17,570","18,357","26,057","37,606","24,999","18,549","12,401","9,930","18,952","13,875","11,711","23,217","19,239","19,448","29,480","42,036","29,488","22,384","14,852","12,335","31,226","20,083","19,029","23,153","39,785","33,215","46,842","64,336","43,960","34,074","23,868","21,071","39,528","21,423","19,782","34,533","23,703","32,537","44,182","63,988","47,865","38,468","30,863","23,647","42,753","27,885","25,367","29,434","47,990","41,702","58,214","75,476","55,939","46,573","35,959","27,684","47,828","30,836","27,304","16,864","5,840","3,223","4,029","4,138","3,496","1,990","1,443","1,397","2,035","4,013","2,710","5,117","7,566","4,138","4,045","3,459","4,139","8,106","11,288","12,522","22,485","11,367","13,876","21,364","32,025","28,502","38,753","48,103","40,951","37,310","30,811","28,054","49,637","32,031","34,056","42,446","56,789","49,022","56,882","69,296","74,056","47,360","38,637","33,572","69,804","39,925","44,813","36,592","33,200","33,415","38,466","46,734","47,172","31,326","24,055","22,799","41,743","28,798","27,247","29,990"
"Central America","2,446","1,475","1,458","1,319","895","1,349","787","726","1,018","1,273","1,540","2,238","2,669","2,044","1,352","968","817","1,200","758","610","995","1,020","1,605","2,234","4,505","2,161","1,454","1,329","877","1,435","1,015","665","1,115","1,018","1,209","1,769","2,499","1,995","1,768","1,327","966","1,456","792","903","991","1,341","1,565","1,878","2,476","2,006","1,251","1,103","628","1,115","761","526","766","1,035","1,120","2,386","2,630","1,700","1,604","1,139","931","1,156","1,114","529","749","1,040","1,685","2,266","2,208","1,926","1,436","1,117","1,000","1,311","877","586","886","1,165","2,135","3,249","2,789","2,018","1,694","1,167","1,237","1,465","872","883","1,192","1,394","2,012","2,800","3,237","1,946","1,877","1,329","1,024","1,462","837","870","881","2,000","1,754","2,701","2,629","2,067","1,715","1,263","1,061","1,463","893","746","1,016","1,786","1,854","3,233","3,019","1,930","1,924","1,470","871","1,399","929","834","1,172","1,782","1,779","2,926","2,861","1,705","1,776","1,187","1,276","1,439","847","866","1,179","1,998","2,079","3,108","2,840","2,196","2,215","1,475","1,286","1,679","893","889","1,410","1,935","2,420","3,160","3,113","2,234","2,186","1,314","1,160","1,928","1,193","997","1,351","2,338","2,256","3,345","3,277","2,715","2,342","1,663","1,545","2,020","1,259","1,013","1,517","2,148","2,565","4,270","4,220","3,068","2,518","1,695","1,454","2,183","1,478","1,127","1,599","1,914","2,462","5,529","4,820","3,456","3,355","2,546","2,027","4,019","2,457","1,787","2,458","4,296","4,476","5,621","4,932","3,351","3,590","2,429","2,398","3,413","2,086","1,610","2,243","1,879","3,100","4,244","4,144","3,447","3,466","2,701","2,475","3,468","2,308","1,626","1,949","4,020","4,766","6,109","5,009","4,231","4,113","2,949","2,539","3,840","2,439","2,212","1,210","1,338","2,130","1,931","563","705","409","358","503","479","548","709","1,073","1,832","1,908","1,987","1,307","1,145","1,477","1,516","1,171","1,723","1,048","1,358","2,014","3,979","3,217","4,187","3,857","3,063","2,861","2,189","1,955","2,965","2,503","2,343","3,226","5,116","4,851","6,796","6,769","5,102","5,636","4,104","3,412","5,280","3,524","3,215","4,486","6,573","6,923","8,818","6,929","5,885","6,086","4,837","3,544","5,702","4,646","3,415","4,301"
"Caribbean","24,086","18,849","11,099","7,477","5,842","10,860","3,946","4,803","5,647","7,424","8,691","13,500","23,270","20,093","9,446","7,238","5,411","9,339","3,814","4,413","6,652","6,420","9,001","12,186","24,575","19,695","9,653","7,671","5,434","10,737","4,460","4,733","6,134","6,625","6,936","11,718","17,840","16,086","9,542","7,406","5,851","10,157","4,150","4,965","5,667","7,983","9,707","13,701","21,421","19,185","12,087","8,624","5,899","11,459","4,367","5,124","7,776","7,218","9,600","14,508","23,362","19,089","12,134","8,053","6,033","11,344","4,983","5,546","6,830","8,977","9,283","14,288","22,415","21,821","12,452","8,434","6,331","12,330","5,099","5,566","7,518","8,463","10,438","14,884","23,760","21,074","13,600","8,584","6,622","12,533","5,707","5,337","8,548","8,490","10,980","15,002","23,920","19,817","11,433","8,814","6,450","12,821","5,527","5,752","6,589","10,321","10,267","13,352","22,571","16,538","11,664","8,544","5,974","11,661","5,109","5,747","7,944","9,316","10,796","15,167","23,554","18,875","11,694","9,086","6,323","12,143","5,723","5,253","7,255","9,889","10,363","14,603","23,711","18,963","12,581","9,115","6,138","12,280","5,264","6,279","7,805","10,381","10,221","14,849","22,737","19,161","10,658","8,654","6,521","11,908","5,341","5,486","8,666","8,770","11,425","15,254","22,239","19,576","12,546","9,427","6,224","12,768","5,591","5,905","7,146","10,401","11,410","15,482","24,152","21,492","12,057","10,175","6,741","13,362","5,944","6,210","7,984","10,979","11,675","15,674","26,499","22,699","13,853","10,704","6,223","14,323","6,467","7,385","10,270","10,508","11,097","18,125","28,586","24,184","14,229","11,422","6,891","16,292","6,472","8,670","8,446","12,271","12,771","18,990","29,675","25,206","15,388","11,659","8,209","16,170","7,649","7,379","10,382","9,949","12,525","18,379","24,370","28,505","16,066","13,109","10,028","19,882","9,748","8,857","10,496","17,075","16,423","23,748","33,465","34,878","19,450","17,515","11,111","20,327","10,846","9,746","5,845","2,704","1,693","1,672","2,200","2,452","1,211","831","1,111","1,656","1,659","691","1,993","2,834","2,032","2,223","3,071","3,654","4,742","5,170","4,674","9,605","2,905","3,232","5,974","11,338","8,542","13,731","18,565","17,023","12,000","10,356","8,182","16,449","8,378","9,554","11,203","15,742","14,952","20,841","28,585","29,411","18,966","15,218","11,831","23,669","10,537","11,583","15,009","15,679","17,936","24,360","30,534","30,590","19,803","17,125","11,545","21,765","10,899","11,201","12,991"
"South America","19,732","15,414","13,300","9,501","5,299","7,676","6,979","5,304","5,965","7,900","10,296","13,764","17,481","14,684","8,639","5,539","3,785","6,651","4,928","3,997","5,420","5,224","7,572","11,435","19,356","13,351","8,594","6,143","4,275","6,677","4,687","3,698","4,480","3,863","5,086","9,041","11,389","8,548","8,345","6,368","5,137","7,368","5,869","5,201","5,969","6,503","8,656","11,652","15,555","12,358","10,607","8,421","5,055","9,392","7,449","5,708","7,108","7,628","10,355","14,957","19,749","15,326","15,112","10,097","6,392","11,354","8,342","6,907","7,969","8,342","12,147","15,817","20,069","15,981","15,385","11,237","7,052","12,574","8,483","7,020","8,821","9,322","12,715","18,548","21,877","17,149","16,803","11,914","7,864","12,210","9,316","7,472","8,756","10,514","13,601","18,988","22,341","18,540","18,112","13,356","8,494","14,059","11,080","7,639","8,104","8,915","11,710","16,089","20,849","16,539","14,647","12,243","6,801","13,276","11,306","7,313","9,135","10,892","13,302","19,779","25,693","20,490","18,072","14,677","7,596","14,880","12,526","7,331","10,617","10,583","14,630","19,470","27,443","20,499","19,723","15,473","7,618","16,935","13,246","9,951","11,034","11,537","15,513","21,553","29,157","21,922","20,339","14,248","10,646","16,843","13,960","9,978","11,697","11,285","16,219","22,032","28,518","23,593","21,414","13,817","9,397","17,823","14,162","9,851","10,169","12,424","16,783","22,368","27,396","28,582","20,359","14,358","9,770","18,179","16,148","11,837","10,696","12,399","20,269","27,620","36,385","29,502","22,902","14,880","9,667","18,186","14,520","11,258","11,446","15,096","21,055","29,960","33,624","26,476","24,339","18,122","10,412","22,234","16,505","13,718","15,120","15,556","26,894","36,987","42,607","28,820","30,687","23,606","17,119","27,376","24,969","20,911","21,486","20,664","29,407","42,410","44,705","37,697","33,720","23,916","18,605","28,739","22,224","17,945","20,055","21,692","30,193","41,899","44,005","38,551","33,759","25,972","17,104","27,568","19,241","16,733","7,976","137","141","380","422","584","853","967","1,305","2,264","1,417","1,496","523","594","1,235","1,499","2,005","2,702","5,912","5,917","5,252","12,313","4,734","5,730","6,760","11,294","16,149","24,164","26,311","20,461","18,607","15,537","14,964","19,882","12,333","11,918","17,779","14,953","21,879","31,788","36,953","29,372","43,821","21,897","19,187","26,525","13,516","13,701","23,027","16,547","26,585","38,026","39,702","31,757","34,372","22,461","23,776","28,109","16,297","15,465","21,107"
"Americas, n.o.s. 3","0","0","0","0","0","0","0","0","0","0","0","0","0","0","0","0","0","0","0","0","0","0","0","0","0","0","0","0","0","0","0","0","0","0","0","0","0","0","0","0","0","0","0","0","0","0","0","0","0","0","0","0","0","0","0","0","0","0","0","0","0","0","0","0","0","0","0","0","0","0","0","0","0","0","0","0","0","0","0","0","0","0","0","0","0","0","0","0","0","0","0","0","0","0","0","0","0","0","0","0","0","0","0","0","0","0","0","0","0","0","0","0","0","0","0","0","0","0","0","0","0","0","0","0","0","0","0","0","0","0","0","0","0","0","0","0","0","0","0","0","0","0","0","0","0","0","0","0","0","0","0","0","0","0","0","0","0","0","0","0","0","0","0","0","0","0","0","0","0","0","0","0","0","0","0","0","0","0","0","0","0","0","0","0","0","0","0","0","0","0","0","0","0","0","0","0","0","0","0","0","0","0","0","0","0","0","0","0","0","0","0","0","0","0","0","0","0","0","0","0","0","0","0","0","0","0","0","0","0","0","0","0","0","0","0","0","0","0","0","0","0","0","0","0","0","0","0","0","0","0","0","0","0","0","0","0","0","0","0","0","0","0","0","0","0","0","0","0","0","0","0","0","0","0","0","0","0","0","0","0","0","0","0","0","0","0","0","0","0","0","0","0","0","0","0","0","0"
"Europe","406,741","369,254","347,014","197,543","104,383","145,369","97,821","117,362","125,748","150,871","215,274","304,186","386,347","360,152","281,246","157,879","83,751","127,867","85,737","107,619","121,166","114,635","178,384","249,578","358,225","308,204","262,737","153,979","91,094","132,682","92,944","111,383","104,510","115,332","147,213","217,006","286,352","272,050","228,849","142,733","80,524","122,176","82,031","106,080","105,570","122,257","199,068","265,913","370,133","336,704","287,746","191,268","84,723","132,158","94,535","117,715","125,999","126,140","209,320","293,602","395,532","358,181","314,742","180,458","94,119","147,225","98,086","112,423","119,581","141,326","217,956","279,247","369,593","350,186","307,007","174,753","93,228","151,235","102,972","120,701","132,019","136,685","216,618","300,757","383,311","360,038","311,784","180,972","100,450","156,749","104,734","124,466","131,292","144,024","239,520","307,266","393,723","384,742","317,685","175,602","93,373","145,589","100,524","113,044","105,095","144,580","200,760","271,876","354,315","344,113","275,875","176,908","87,213","138,334","101,214","129,003","123,273","138,607","209,892","282,576","374,387","369,734","296,362","178,993","89,948","135,138","98,008","105,674","105,910","153,595","209,956","288,882","374,766","358,358","299,432","175,945","92,480","141,869","98,507","113,699","124,367","147,914","201,415","281,573","359,134","341,767","284,433","170,144","95,535","142,713","94,861","104,782","126,098","136,715","204,093","275,658","352,596","354,498","280,214","172,067","97,500","146,876","97,865","105,594","113,111","160,229","213,987","297,797","379,695","400,463","307,532","188,614","103,523","148,992","101,404","112,462","121,853","148,606","231,626","310,478","404,221","402,872","326,311","196,442","107,237","153,346","110,322","121,982","136,307","152,974","241,946","328,047","476,321","475,805","364,124","236,214","120,647","180,671","116,111","133,116","142,526","198,200","230,849","334,798","479,603","493,379","371,290","233,896","124,035","178,046","115,832","138,778","152,986","161,935","246,913","339,227","470,560","476,898","370,573","238,697","122,272","176,878","118,290","136,831","136,967","199,547","278,736","378,383","528,577","532,143","405,036","259,328","129,127","181,748","118,756","144,883","65,199","2,482","2,895","5,090","9,995","12,235","10,592","8,955","9,976","15,722","10,818","5,666","5,580","5,573","7,146","10,132","27,991","42,466","89,601","94,315","58,585","107,938","33,399","51,644","68,762","122,791","164,022","244,653","371,232","344,853","270,625","195,815","98,796","149,573","87,411","116,857","115,955","161,189","219,146","304,422","427,212","408,310","326,475","230,112","110,266","179,063","93,447","129,546","136,201","179,226","249,982","305,660","442,463","434,589","344,615","230,060","110,862","186,781","104,036","133,331","121,861"
"Western Europe","198,322","169,354","173,844","88,005","36,366","51,471","37,726","48,345","44,591","57,906","93,788","125,478","179,711","157,380","134,497","69,912","31,083","46,457","32,890","42,877","41,817","46,157","74,257","102,354","159,664","134,162","127,844","67,414","32,388","47,873","35,968","45,430","37,911","42,210","62,405","88,039","133,540","122,925","107,562","60,103","28,842","44,217","31,445","44,045","37,700","46,922","78,247","100,541","167,112","154,698","132,251","81,229","31,068","47,278","36,802","46,321","42,784","48,458","85,913","110,189","173,797","155,320","140,237","75,083","34,436","51,222","38,436","45,691","43,731","52,682","86,686","105,606","164,086","149,866","134,297","73,372","34,264","55,938","40,501","48,783","46,373","52,127","85,802","114,776","165,533","148,374","133,742","70,593","36,024","57,213","40,917","51,594","45,088","56,592","98,177","118,224","175,648","172,076","144,192","76,044","35,301","56,213","42,120","50,706","42,231","59,791","87,528","110,641","169,715","163,661","132,657","78,992","34,843","56,435","44,137","58,639","49,747","61,336","95,212","117,547","179,538","174,553","143,137","82,728","35,685","56,616","43,340","50,364","45,637","67,756","91,973","126,318","183,849","170,798","148,019","81,202","38,226","59,108","43,504","55,898","52,401","67,978","90,395","119,679","182,007","166,015","141,745","78,039","39,635","59,197","41,251","49,314","54,795","63,679","95,008","115,129","174,949","173,074","139,762","82,085","40,645","62,793","41,396","51,314","50,955","71,899","96,429","123,446","186,500","191,594","150,239","86,906","42,767","61,517","43,615","54,200","48,984","64,781","107,059","130,487","196,380","188,483","158,810","94,542","45,305","62,439","47,746","57,682","55,520","68,731","111,536","132,741","228,996","213,361","166,020","114,504","49,338","74,711","48,915","61,781","63,699","85,555","105,056","141,130","237,772","228,082","176,694","116,917","51,596","75,772","49,680","66,357","63,839","76,976","115,242","145,385","239,515","226,522","184,293","118,743","51,003","76,823","53,542","66,368","60,930","84,623","121,962","161,390","260,561","248,437","191,419","129,547","52,268","78,768","51,972","71,441","29,621","1,286","1,371","2,254","4,472","5,450","4,523","3,928","4,042","6,876","5,513","2,426","2,477","2,477","2,900","4,094","13,670","21,603","46,806","51,623","27,095","52,677","14,708","27,227","28,548","55,215","76,259","101,700","181,809","167,546","131,402","96,354","42,880","68,534","39,514","60,157","49,182","72,460","103,798","132,723","211,901","191,694","159,564","114,921","47,818","80,738","41,709","66,280","57,048","84,080","116,903","128,260","217,771","205,484","162,517","115,245","49,035","85,246","46,318","66,221","53,689"
"Central/Eastern Europe","13,121","9,109","8,861","6,693","5,243","6,142","4,432","3,650","5,550","5,646","8,744","14,098","13,378","10,325","8,305","6,003","4,505","5,635","3,315","3,489","3,912","5,116","7,622","12,265","15,787","9,268","7,859","5,491","4,433","5,587","3,706","3,317","4,521","5,135","6,684","10,821","11,485","8,799","7,867","5,287","4,774","4,885","3,688","3,311","4,188","5,067","8,797","12,787","12,588","11,471","9,220","6,452","4,446","5,928","3,815","3,976","4,599","6,166","8,273","14,162","15,134","10,197","10,579","7,106","5,661","6,867","5,818","4,358","5,254","6,818","9,188","15,056","15,197","12,539","10,454","7,686","5,730","7,353","5,117","4,546","5,896","7,412","9,584","15,988","15,097","12,753","11,325","7,652","7,305","8,356","5,737","5,067","6,578","9,519","14,327","19,951","19,813","16,443","14,869","9,492","7,423","9,060","6,828","5,698","6,561","8,452","10,892","19,033","16,542","14,340","11,493","8,710","7,020","8,384","6,683","11,745","6,875","7,158","10,151","18,208","16,753","15,623","12,592","8,405","6,653","8,763","5,999","5,637","6,294","7,928","11,658","18,550","16,856","16,125","13,497","9,526","7,719","9,123","7,285","6,072","7,456","9,125","11,833","18,433","17,179","14,890","13,008","9,168","7,648","9,307","6,846","5,863","7,310","8,688","11,798","18,783","17,883","15,719","13,438","9,116","7,418","9,958","7,697","6,617","7,508","8,952","12,420","20,604","18,953","17,637","14,542","10,276","7,521","9,433","7,500","6,037","6,542","8,566","12,525","19,965","17,532","16,259","14,963","9,179","7,909","9,456","9,045","8,024","7,663","10,869","13,207","23,464","21,729","19,859","19,371","12,294","9,236","11,440","8,097","8,520","10,014","10,965","14,565","22,498","23,381","22,488","18,846","12,188","9,859","11,498","9,681","9,424","9,471","11,894","15,936","22,716","22,196","23,941","19,874","13,394","9,934","11,771","10,443","9,480","10,290","12,420","19,162","27,405","27,314","27,108","24,186","14,916","11,626","12,187","10,720","11,189","5,665","414","446","731","1,203","1,560","1,438","1,185","1,340","1,775","1,347","929","729","811","1,019","1,434","2,159","3,204","5,379","4,418","3,389","5,350","2,425","2,259","5,058","6,530","8,432","13,456","14,030","13,088","11,174","8,934","6,918","7,700","6,035","7,000","8,340","8,116","11,549","18,318","19,382","18,119","15,969","11,752","8,179","9,249","7,459","9,983","13,323","9,519","12,803","19,032","20,526","19,375","16,073","11,117","6,959","9,745","8,431","8,787","8,883"
"Northern Europe","144,684","136,546","132,008","78,618","47,312","69,460","44,418","54,546","61,097","69,308","89,985","128,982","143,229","139,260","114,204","66,288","37,799","61,008","38,946","51,013","62,185","49,405","77,825","105,374","119,392","117,050","101,878","61,636","40,357","62,238","42,362","52,576","50,546","55,895","66,195","99,341","112,309","107,435","92,886","60,019","35,605","58,885","38,286","49,400","52,194","56,856","91,638","120,938","147,687","124,963","117,072","79,158","36,808","63,398","42,922","56,627","65,842","54,689","94,242","131,942","156,846","139,231","133,167","76,847","39,910","72,373","43,744","51,743","58,331","64,458","96,396","123,927","143,870","135,306","132,452","73,277","39,200","70,215","45,614","55,828","64,744","59,513","98,704","131,323","152,456","143,309","135,350","81,863","42,242","72,917","47,125","56,813","65,967","59,423","102,993","129,457","146,297","133,503","124,795","68,207","37,811","63,943","40,954","46,126","43,991","60,159","79,549","106,954","118,487","110,997","101,911","66,244","33,386","58,545","39,971","46,351","51,315","53,096","82,878","109,747","124,838","119,592","109,191","67,582","35,013","53,963","38,648","40,272","41,925","60,477","84,058","105,584","119,946","110,746","106,599","64,070","33,657","57,936","36,406","41,790","50,327","53,949","78,138","106,578","110,813","108,703","98,926","61,604","34,517","57,138","35,311","38,583","49,246","47,667","75,254","104,413","115,131","115,838","96,552","60,169","34,864","56,356","36,455","36,386","40,698","58,837","79,006","109,804","122,089","127,888","107,015","67,207","37,601","58,491","36,642","40,007","49,822","54,602","85,176","113,796","135,880","131,973","114,224","68,697","37,367","60,199","37,597","43,637","57,408","52,162","90,247","124,736","161,331","164,792","136,009","80,214","44,310","73,229","44,194","50,096","50,907","76,987","85,014","123,980","154,874","159,206","130,715","74,638","43,262","68,223","41,338","49,985","60,564","53,263","88,768","125,855","149,881","150,804","125,184","79,767","43,253","68,497","38,866","47,081","48,882","74,084","106,827","142,300","178,740","167,512","144,447","85,131","45,905","67,890","40,162","48,449","23,196","606","559","1,135","2,645","3,064","2,493","2,462","3,047","5,186","1,949","1,132","1,205","1,055","1,629","2,768","8,440","11,160","25,795","28,742","19,750","38,473","12,156","17,241","26,916","46,306","62,995","102,550","139,472","118,971","101,468","69,799","35,217","55,808","30,328","39,330","44,167","62,584","80,687","117,138","148,543","142,288","114,655","78,216","38,399","68,476","32,352","41,733","50,639","64,605","93,855","121,766","154,247","144,978","132,211","79,122","39,363","70,958","34,367","45,218","42,808"
"Southern Europe","36,671","40,842","23,524","17,103","9,692","12,698","6,633","6,674","8,504","11,667","15,936","25,488","35,506","39,545","16,232","9,523","6,147","9,007","5,560","6,041","7,067","9,114","12,331","20,602","50,358","34,776","17,459","13,493","9,038","12,320","6,989","6,202","7,259","7,239","7,796","12,489","19,070","24,163","14,045","11,570","7,140","10,397","5,375","5,884","6,921","9,158","14,187","23,328","30,185","35,072","20,830","17,095","8,138","11,253","7,163","6,661","8,125","10,547","13,531","26,778","35,022","40,518","20,521","13,331","8,719","12,245","6,489","6,524","7,398","10,738","17,375","24,499","33,994","40,023","21,053","13,385","8,730","12,561","7,541","7,442","9,129","12,645","16,282","28,676","37,306","44,498","23,320","15,158","10,281","13,833","7,749","7,718","9,911","12,768","17,458","29,804","39,519","50,553","25,442","15,681","9,235","12,506","7,723","7,703","8,301","11,731","17,968","27,112","37,707","43,935","22,900","17,260","8,402","11,447","7,515","9,259","10,557","12,901","16,026","27,357","40,775","47,503","23,855","14,772","8,477","12,046","6,902","6,579","8,537","12,016","16,396","28,528","40,540","47,090","24,018","14,951","9,038","12,242","8,017","7,018","9,945","11,562","15,431","26,839","35,088","40,275","22,791","15,069","10,092","12,983","8,464","7,974","9,976","12,475","16,603","26,834","32,025","38,166","21,941","14,823","10,684","14,010","9,122","8,160","9,941","14,609","20,240","32,537","38,560","50,527","27,345","16,930","11,103","15,117","9,873","8,665","10,635","14,540","20,162","33,132","40,851","52,746","27,754","17,624","11,927","16,265","11,372","9,026","11,164","14,245","20,451","33,423","49,013","61,740","31,497","20,495","12,293","16,147","10,521","9,005","12,553","17,288","19,578","34,503","47,931","66,663","34,231","20,997","14,031","17,637","11,111","9,528","13,375","14,438","19,956","34,020","45,646","60,969","30,088","19,735","13,120","15,198","10,852","9,866","12,069","20,525","23,555","35,759","48,135","74,295","34,910","21,178","13,790","17,434","11,723","10,147","4,684","112","457","736","1,148","1,458","1,335","934","1,102","1,222","1,565","790","600","747","925","1,098","2,215","4,157","7,090","6,876","5,746","8,723","3,120","3,555","5,766","10,201","11,891","20,106","26,902","35,740","18,792","15,222","10,269","13,594","8,624","7,763","10,389","13,349","17,730","27,346","32,266","45,115","26,142","19,533","12,161","15,940","9,495","9,189","12,279","16,041","21,357","29,698","38,275","57,636","27,905","20,027","12,377","17,259","11,123","9,643","12,073"
"East Mediterranean Europe","13,943","13,403","8,777","7,124","5,770","5,598","4,612","4,147","6,006","6,344","6,821","10,140","14,523","13,642","8,008","6,153","4,217","5,760","5,026","4,199","6,185","4,843","6,349","8,983","13,024","12,948","7,697","5,945","4,878","4,664","3,919","3,858","4,273","4,853","4,133","6,316","9,948","8,728","6,489","5,754","4,163","3,792","3,237","3,440","4,567","4,254","6,199","8,319","12,561","10,500","8,373","7,334","4,263","4,301","3,833","4,130","4,649","6,280","7,361","10,531","14,733","12,915","10,238","8,091","5,393","4,518","3,599","4,107","4,867","6,630","8,311","10,159","12,446","12,452","8,751","7,033","5,304","5,168","4,199","4,102","5,877","4,988","6,246","9,994","12,919","11,104","8,047","5,706","4,598","4,430","3,206","3,274","3,748","5,722","6,565","9,830","12,446","12,167","8,387","6,178","3,603","3,867","2,899","2,811","4,011","4,447","4,823","8,136","11,864","11,180","6,914","5,702","3,562","3,523","2,908","3,009","4,779","4,116","5,625","9,717","12,483","12,463","7,587","5,506","4,120","3,750","3,119","2,822","3,517","5,418","5,871","9,902","13,575","13,599","7,299","6,196","3,840","3,460","3,295","2,921","4,238","5,300","5,618","10,044","14,047","11,884","7,963","6,264","3,643","4,088","2,989","3,048","4,771","4,206","5,430","10,499","12,608","11,701","8,521","5,874","3,889","3,759","3,195","3,117","4,009","5,932","5,892","11,406","13,593","12,817","8,391","7,295","4,531","4,434","3,774","3,553","5,870","6,117","6,704","13,098","13,578","13,411","10,560","6,400","4,729","4,987","4,562","3,613","4,552","6,967","6,505","13,683","15,252","16,053","11,227","8,707","5,470","5,144","4,384","3,714","5,353","7,405","6,636","12,687","15,645","16,940","10,804","9,156","5,287","4,916","4,022","3,484","5,737","5,364","7,011","11,251","13,322","14,662","11,134","7,058","4,962","4,589","4,587","4,036","4,796","7,895","7,230","11,529","13,827","14,791","10,074","8,556","5,538","5,469","4,179","3,657","2,033","64","62","234","527","703","803","446","445","663","444","389","569","483","673","738","1,507","2,342","4,531","2,656","2,605","2,715","990","1,362","2,474","4,539","4,445","6,841","9,019","9,508","7,789","5,506","3,512","3,937","2,910","2,607","3,877","4,680","5,382","8,897","15,120","11,094","10,145","5,690","3,709","4,660","2,432","2,361","2,912","4,981","5,064","6,904","11,644","7,116","5,909","4,549","3,128","3,573","3,797","3,462","4,408"
"Europe, n.o.s. 4","0","0","0","0","0","0","0","0","0","0","0","0","0","0","0","0","0","0","0","0","0","0","0","0","0","0","0","0","0","0","0","0","0","0","0","0","0","0","0","0","0","0","0","0","0","0","0","0","0","0","0","0","0","0","0","0","0","0","0","0","0","0","0","0","0","0","0","0","0","0","0","0","0","0","0","0","0","0","0","0","0","0","0","0","0","0","0","0","0","0","0","0","0","0","0","0","0","0","0","0","0","0","0","0","0","0","0","0","0","0","0","0","0","0","0","0","0","0","0","0","0","0","0","0","0","0","0","0","0","0","0","0","0","0","0","0","0","0","0","0","0","0","0","0","0","0","0","0","0","0","0","0","0","0","0","0","0","0","0","0","0","0","0","0","0","0","0","0","0","0","0","0","0","0","0","0","0","0","0","0","0","0","0","0","0","0","0","0","0","0","0","0","0","0","0","0","0","0","0","0","0","0","0","0","0","0","0","0","0","0","0","0","0","0","0","0","0","0","0","0","0","0","0","0","0","0","0","0","0","0","0","0","0","0","0","0","0","0","0","0","0","0","0","0","0","0","0","0","0","0","0","0","0","0","0","0","0","0","0","0","0","0","0","0","0","0","0","0","0","0","0","0","0","0","0","0","0","0","0","0","0","0","0","0","0","0","0","0","0","0","0","0","0","0","0","0","0"
"Africa","8,985","9,327","6,579","4,374","3,169","5,555","3,111","2,157","3,128","3,585","5,519","8,163","10,637","8,897","5,589","3,768","2,870","4,494","2,384","1,969","2,480","3,040","4,696","6,793","8,432","7,866","5,441","3,991","2,689","4,795","2,595","1,937","2,875","2,812","4,020","6,757","7,897","7,807","5,647","3,353","2,617","4,526","2,523","1,982","2,917","2,986","5,612","7,469","8,485","8,121","7,058","4,365","2,578","5,140","2,687","2,129","3,217","3,744","5,435","7,981","9,187","7,945","7,432","3,976","3,367","5,379","3,326","2,431","3,349","3,565","5,649","10,398","9,456","12,992","8,078","4,547","3,521","5,645","3,296","2,551","3,982","4,354","6,338","10,431","11,474","10,389","8,004","4,930","4,139","6,410","3,498","3,136","3,962","4,101","6,925","10,579","11,354","10,896","8,379","6,677","4,212","6,599","3,886","3,109","3,784","4,071","6,852","9,457","11,166","10,371","7,741","5,712","3,896","6,103","3,661","2,842","4,129","4,447","7,135","11,823","11,669","10,426","8,802","6,104","4,054","6,584","4,187","2,724","4,170","5,395","7,121","10,814","11,808","12,028","9,450","6,509","4,643","7,527","4,206","3,364","4,814","5,765","7,525","12,468","12,629","11,990","9,316","7,357","4,798","8,263","4,141","3,375","5,281","6,197","9,106","12,187","11,849","15,257","11,054","6,905","5,213","7,910","4,420","3,890","4,926","6,221","8,868","12,338","15,813","15,685","10,301","7,439","5,638","9,246","5,072","3,863","4,786","6,700","9,926","12,963","17,073","16,086","12,244","7,981","5,908","8,975","5,553","4,066","5,842","7,480","10,015","13,242","21,733","17,808","12,520","9,092","6,509","10,735","4,962","4,228","6,896","7,414","11,194","17,560","22,031","16,796","12,165","10,180","7,681","11,847","5,701","4,736","7,447","8,167","10,597","19,286","21,503","20,766","14,930","11,057","8,016","13,086","7,445","5,753","8,598","10,372","13,019","22,554","24,710","24,604","18,133","12,928","8,888","14,004","7,954","6,752","4,803","389","261","603","1,111","1,514","1,728","1,436","1,646","2,682","2,188","1,426","1,007","1,262","1,614","1,962","3,594","4,502","5,265","4,721","4,980","6,716","2,892","3,706","5,072","6,642","9,632","14,522","17,948","12,409","11,910","9,935","6,912","13,627","5,927","7,205","8,697","10,402","16,031","28,000","31,150","24,953","27,190","28,197","16,205","19,902","9,870","11,369","13,402","17,488","23,347","31,762","36,645","28,700","22,876","22,962","11,907","16,913","12,493","14,185","15,153"
"Western Africa","1,245","1,565","1,088","874","581","770","565","327","482","555","749","962","1,840","1,647","1,120","646","492","595","428","349","450","480","762","958","1,361","1,343","1,026","632","579","701","540","334","650","459","662","901","1,143","1,625","1,184","554","626","697","483","299","544","432","840","1,043","1,245","1,579","1,360","972","531","685","540","396","569","652","884","1,041","1,299","1,609","1,385","913","664","800","578","420","564","633","902","1,459","1,514","2,497","1,573","1,008","606","1,065","718","401","714","901","1,146","1,888","1,807","2,397","1,569","857","700","930","726","492","667","611","1,241","1,821","1,714","2,729","1,813","1,577","853","980","855","602","786","824","1,404","1,669","2,162","2,962","1,859","1,099","771","1,166","881","621","874","996","1,428","3,135","2,233","3,234","1,984","1,542","759","1,350","1,190","581","970","1,237","1,396","1,979","2,131","3,264","2,353","1,592","1,081","1,510","1,195","600","1,036","1,185","1,544","2,078","2,405","3,389","2,410","1,533","1,187","1,933","1,189","876","1,333","1,549","2,150","2,282","2,400","4,985","3,298","1,628","1,384","1,970","1,417","955","1,311","1,636","2,076","2,714","3,796","5,803","3,010","1,906","1,556","2,449","1,649","1,153","1,312","2,089","2,415","3,069","3,081","5,522","3,580","2,209","1,558","2,704","1,739","983","1,568","1,855","2,492","3,126","4,031","6,107","3,498","2,362","1,771","2,491","1,443","1,188","1,752","2,135","2,460","3,600","3,944","4,997","3,329","2,455","2,088","3,087","1,595","1,136","1,875","2,179","2,978","4,954","4,705","6,794","4,218","3,151","2,504","3,869","2,292","1,761","2,441","3,231","4,116","5,757","6,648","8,992","5,581","4,235","2,869","4,190","2,776","2,156","1,523","88","57","219","281","413","621","479","476","942","886","577","393","567","702","678","1,071","1,405","2,099","1,791","1,424","2,210","1,089","1,045","1,367","2,140","2,672","3,685","4,043","4,288","3,222","2,613","1,841","3,283","1,704","2,126","2,555","3,361","4,645","7,220","8,403","9,353","9,304","13,874","5,998","7,857","3,249","4,142","4,986","6,322","8,004","8,987","10,068","12,427","7,060","10,997","4,425","6,768","3,859","4,100","4,820"
"Eastern Africa","1,951","1,967","1,393","745","647","927","593","442","605","780","1,223","1,855","2,397","1,972","1,239","909","789","863","410","416","392","540","1,004","1,277","2,101","1,764","1,064","743","534","951","448","298","579","558","779","1,339","1,694","1,485","1,046","669","509","776","500","409","559","565","1,145","1,396","1,942","1,365","1,419","773","480","812","396","325","504","776","959","1,443","1,961","1,586","1,459","824","641","867","647","409","575","671","1,052","2,418","2,185","3,424","1,518","889","664","867","571","389","636","734","1,123","1,773","2,102","1,840","1,508","1,142","766","1,100","595","627","672","804","1,267","1,921","2,260","2,104","1,617","1,278","789","1,122","629","529","592","821","1,385","1,733","2,195","2,012","1,519","1,160","788","937","532","497","689","797","1,558","2,233","2,451","1,736","1,760","1,114","704","960","662","400","647","807","1,344","1,958","2,277","2,191","1,735","1,167","734","1,316","720","624","727","1,079","1,461","2,227","2,883","2,240","1,793","1,572","865","1,442","677","612","820","1,075","1,757","2,331","2,379","2,546","2,135","1,344","845","1,376","686","635","908","1,123","1,841","2,491","2,663","2,812","1,693","1,515","791","1,505","956","678","764","1,140","1,926","2,689","3,493","3,096","2,262","1,706","1,097","1,559","1,148","747","992","1,209","2,062","2,690","4,031","3,519","2,628","1,773","1,261","2,073","1,074","852","1,326","1,194","2,604","3,712","3,780","3,122","2,415","1,892","1,422","2,019","1,044","921","1,363","1,427","2,061","3,988","3,520","3,594","2,670","1,826","1,483","2,512","1,422","1,030","1,309","1,959","2,782","4,204","3,830","4,274","3,020","2,230","1,538","2,295","1,424","1,093","996","176","84","98","223","280","374","274","312","562","469","248","244","261","298","346","588","742","1,015","723","642","1,133","388","392","652","803","1,528","2,381","3,178","1,917","1,743","1,347","1,024","1,782","792","856","1,010","1,376","2,826","5,200","5,268","4,357","4,230","3,464","2,562","3,046","1,553","1,485","1,669","2,295","3,278","4,479","5,390","3,708","2,820","2,185","1,433","2,087","2,347","2,958","3,268"
"Northern Africa","2,262","2,594","1,353","1,019","681","865","797","483","789","820","1,014","1,490","2,562","2,265","1,044","670","488","849","598","447","578","806","936","1,351","2,049","1,993","1,238","1,057","508","990","651","529","654","677","964","1,359","2,216","2,204","1,302","897","502","929","694","570","722","767","1,315","1,578","2,321","2,347","1,529","791","572","1,038","706","537","799","958","1,265","1,725","2,509","2,019","1,585","822","814","1,082","882","714","835","1,018","1,350","2,422","2,609","2,932","1,939","894","891","1,216","863","708","1,115","1,170","1,559","2,452","3,944","2,817","1,896","1,180","1,246","1,422","1,019","849","1,013","1,159","1,728","2,380","3,673","2,908","1,809","1,635","1,249","1,494","1,131","989","1,225","1,269","1,841","2,652","3,348","2,424","2,079","1,764","1,297","1,668","1,061","866","1,213","1,488","2,018","2,893","4,346","2,011","2,184","1,757","1,371","1,733","1,126","849","1,218","1,785","2,040","2,827","4,183","3,131","2,482","1,893","1,514","1,895","1,183","1,193","1,641","1,940","2,257","4,010","3,817","3,142","2,285","2,375","1,529","1,983","1,126","1,034","1,725","2,057","2,819","3,817","3,669","4,271","2,644","2,266","1,820","1,906","1,146","1,266","1,561","2,041","2,831","3,429","5,438","3,563","2,607","2,277","1,952","2,307","1,354","1,012","1,510","2,032","2,833","3,473","6,066","4,033","3,590","2,418","1,958","1,874","1,421","1,378","1,872","2,680","2,830","3,263","9,419","4,690","3,268","3,064","2,049","3,118","1,204","1,270","2,265","2,556","3,561","5,740","10,064","5,127","3,320","3,437","2,575","3,408","1,887","1,603","2,597","3,029","3,104","5,820","9,032","6,538","4,834","3,896","2,374","3,302","2,360","1,839","2,969","3,208","3,136","7,106","9,364","7,130","5,529","3,949","2,632","3,410","2,218","2,067","1,387","69","82","166","467","557","522","403","507","737","545","373","180","285","349","567","1,391","1,408","1,041","1,349","2,127","2,219","796","1,676","2,175","2,321","3,540","5,116","7,236","3,620","4,511","4,252","2,769","4,583","2,478","3,207","3,741","4,226","6,209","10,724","13,084","7,594","10,021","8,382","5,831","6,076","3,756","4,330","4,973","6,740","9,092","13,705","16,705","8,936","9,955","7,609","4,644","5,828","4,251","5,094","4,688"
"Central Africa","308","392","259","193","144","169","193","122","113","132","198","261","632","349","300","221","159","204","147","99","101","108","183","250","346","330","268","195","181","188","157","109","187","148","154","300","319","290","334","172","115","169","133","78","111","150","278","297","310","360","248","259","127","191","123","107","186","116","178","277","277","299","311","192","149","207","219","128","178","168","266","342","334","494","414","304","184","227","155","93","161","215","262","456","334","422","418","239","240","330","152","129","229","211","272","553","449","427","375","487","209","302","249","138","161","238","295","347","491","488","518","328","215","237","234","172","205","233","273","510","481","535","468","237","243","305","270","130","204","226","314","461","417","510","383","305","212","375","202","194","233","264","337","553","555","548","447","472","285","425","204","181","256","282","436","597","700","777","606","376","329","395","273","237","291","324","429","626","936","749","678","397","409","458","293","249","329","341","637","719","960","694","516","404","366","601","314","198","320","357","502","752","1,051","870","660","438","456","543","272","270","412","340","569","1,076","1,073","774","638","744","552","630","345","357","371","371","596","881","1,121","1,016","814","598","517","683","462","361","512","548","757","1,102","1,544","1,288","1,191","814","593","856","503","416","283","19","13","18","77","150","123","82","149","189","143","137","89","94","123","179","266","302","485","337","312","585","215","204","307","532","654","955","1,030","830","810","666","457","851","409","448","587","640","1,059","1,908","1,930","1,651","1,684","1,314","879","1,168","630","708","907","1,097","1,319","1,980","2,132","1,683","1,199","1,048","625","816","1,394","1,344","1,569"
"Southern Africa","3,219","2,809","2,486","1,543","1,116","2,824","963","783","1,139","1,298","2,335","3,595","3,206","2,664","1,886","1,322","942","1,983","801","658","959","1,106","1,811","2,957","2,575","2,436","1,845","1,364","887","1,965","799","667","805","970","1,461","2,858","2,525","2,203","1,781","1,061","865","1,955","713","626","981","1,072","2,034","3,155","2,667","2,470","2,502","1,570","868","2,414","922","764","1,159","1,242","2,149","3,495","3,141","2,432","2,692","1,225","1,099","2,423","1,000","760","1,197","1,075","2,079","3,757","2,814","3,645","2,634","1,452","1,176","2,270","989","960","1,356","1,334","2,248","3,862","3,287","2,913","2,613","1,512","1,187","2,628","1,006","1,039","1,381","1,316","2,417","3,904","3,258","2,728","2,765","1,700","1,112","2,701","1,022","851","1,020","919","1,927","3,056","2,970","2,485","1,766","1,361","825","2,095","953","686","1,148","933","1,858","3,052","2,158","2,910","2,406","1,454","977","2,236","939","764","1,131","1,340","2,027","3,589","2,800","2,932","2,497","1,552","1,102","2,431","906","753","1,177","1,297","1,926","3,600","2,969","2,671","2,381","1,405","932","2,480","945","672","1,147","1,234","1,944","3,160","2,701","2,678","2,371","1,291","835","2,263","898","797","855","1,097","1,691","3,078","2,980","2,758","2,313","1,344","930","2,527","820","771","871","1,098","2,115","3,013","3,473","2,741","2,296","1,244","929","2,237","931","760","1,090","1,379","2,129","3,411","3,201","2,622","2,466","1,455","972","2,510","969","648","1,141","1,189","2,000","3,432","3,170","2,776","2,463","1,652","1,044","2,703","830","719","1,241","1,161","1,858","3,643","3,125","2,824","2,394","1,586","1,138","2,720","909","762","1,367","1,426","2,228","4,385","3,324","2,920","2,812","1,700","1,256","3,253","1,033","1,020","614","37","25","102","63","114","88","198","202","252","145","91","101","55","142","192","278","645","625","521","475","569","404","389","571","846","1,238","2,385","2,461","1,754","1,624","1,057","821","3,128","544","568","804","799","1,292","2,948","2,465","1,998","1,951","1,163","935","1,755","682","704","867","1,034","1,654","2,611","2,350","1,946","1,842","1,123","780","1,414","642","689","808"
"Africa, n.o.s. 5","0","0","0","0","0","0","0","0","0","0","0","0","0","0","0","0","0","0","0","0","0","0","0","0","0","0","0","0","0","0","0","0","0","0","0","0","0","0","0","0","0","0","0","0","0","0","0","0","0","0","0","0","0","0","0","0","0","0","0","0","0","0","0","0","0","0","0","0","0","0","0","0","0","0","0","0","0","0","0","0","0","0","0","0","0","0","0","0","0","0","0","0","0","0","0","0","0","0","0","0","0","0","0","0","0","0","0","0","0","0","0","0","0","0","0","0","0","0","0","0","0","0","0","0","0","0","0","0","0","0","0","0","0","0","0","0","0","0","0","0","0","0","0","0","0","0","0","0","0","0","0","0","0","0","0","0","0","0","0","0","0","0","0","0","0","0","0","0","0","0","0","0","0","0","0","0","0","0","0","0","0","0","0","0","0","0","0","0","0","0","0","0","0","0","0","0","0","0","0","0","0","0","0","0","0","0","0","0","0","0","0","0","0","0","0","0","0","0","0","0","0","0","0","0","0","0","0","0","0","0","0","0","0","0","0","0","0","0","0","0","0","0","0","0","0","0","0","0","0","0","0","0","0","0","0","0","0","0","0","0","0","0","0","0","0","0","0","0","0","0","0","0","0","0","0","0","0","0","0","0","0","0","0","0","0","0","0","0","0","0","0","0","0","0","0","0","0"
"Asia","186,733","158,129","159,823","115,364","67,782","72,426","60,020","53,725","77,981","88,145","117,754","156,769","181,681","167,372","107,145","68,419","43,762","63,969","51,153","54,623","64,561","79,381","109,110","126,953","163,178","152,088","137,184","114,228","64,320","69,727","56,203","51,241","60,608","48,753","49,016","75,766","106,657","116,105","101,260","87,556","51,961","64,066","54,566","51,917","61,561","74,848","113,979","138,111","152,567","149,148","150,672","134,335","61,256","68,004","55,231","60,390","72,936","82,028","114,074","145,227","162,768","147,926","142,252","117,114","69,543","76,621","63,134","59,445","74,694","81,059","117,420","147,766","169,255","150,557","138,166","111,933","66,651","77,823","58,534","63,334","75,567","80,508","113,025","144,084","170,989","149,886","139,076","106,157","66,375","77,759","59,489","62,527","69,405","74,602","119,306","146,920","170,353","143,861","131,724","99,950","56,739","71,536","59,376","52,721","65,271","72,851","90,944","110,781","138,676","120,762","115,984","83,518","52,907","69,242","54,098","56,865","69,150","74,806","108,951","148,813","166,252","147,287","124,777","95,022","56,587","76,051","61,105","55,154","62,518","76,397","116,154","150,595","178,455","157,067","135,794","98,942","61,554","85,127","69,431","58,805","74,697","79,716","120,417","158,871","180,183","164,674","134,162","109,757","62,749","90,799","64,547","74,414","80,098","83,740","132,656","171,599","194,529","196,010","149,923","108,902","67,357","95,103","80,655","74,033","82,396","97,761","157,927","199,088","245,905","224,408","178,631","135,542","75,879","110,432","76,924","92,250","90,164","105,511","170,490","207,453","262,421","226,362","202,895","140,917","80,566","112,709","88,211","100,808","93,807","115,134","180,611","252,375","309,276","274,270","239,993","170,530","96,667","129,374","116,421","99,656","112,367","140,218","205,201","276,523","309,624","276,887","259,065","200,140","117,618","141,142","109,722","131,092","123,031","131,520","213,353","285,537","307,467","283,528","252,044","190,411","113,789","144,003","131,088","123,353","123,713","159,286","237,588","299,844","326,521","314,448","265,789","190,200","110,340","157,009","143,201","88,739","40,276","3,426","3,813","5,927","8,977","15,767","17,508","13,000","12,295","15,156","13,584","13,299","12,126","15,107","8,516","12,267","21,501","32,009","37,352","36,676","32,244","44,108","18,933","21,300","33,745","45,065","72,611","98,998","106,162","80,985","89,266","87,233","60,121","78,840","63,249","58,318","75,172","90,858","182,024","207,643","222,470","154,064","170,132","150,300","91,257","108,166","81,610","101,625","102,840","121,710","213,503","247,918","255,353","187,602","177,836","147,345","85,867","109,125","105,793","92,834","110,349"
"Middle East","9,419","7,494","3,287","2,628","2,106","2,836","1,888","1,759","2,155","2,256","3,642","8,211","10,349","7,937","3,008","1,839","1,542","2,890","1,581","1,500","1,787","1,984","2,888","6,881","9,152","6,759","3,019","2,296","2,077","3,099","1,844","1,954","1,912","1,821","2,438","6,230","7,875","6,053","2,965","2,638","2,034","2,960","2,130","1,472","1,995","2,418","3,875","7,544","9,589","7,772","3,878","2,728","2,305","3,270","2,179","1,445","2,151","2,383","3,511","8,164","11,151","8,426","4,463","2,790","2,520","3,679","2,674","1,863","2,414","2,781","3,698","9,787","12,501","9,167","4,594","2,951","2,636","4,731","2,508","1,987","2,750","3,371","4,528","10,784","13,246","10,314","5,010","4,356","3,482","5,636","3,185","2,643","3,310","4,251","5,261","12,123","15,923","10,266","5,557","5,183","3,616","6,240","3,799","3,212","3,675","4,783","4,983","10,937","16,157","9,124","6,497","4,853","4,305","5,663","3,700","3,103","4,075","5,308","6,005","12,132","16,748","9,650","7,455","5,234","4,714","5,874","3,607","3,564","4,683","5,497","6,169","12,662","14,766","10,892","7,284","5,127","4,437","6,821","4,076","3,488","4,573","5,332","6,183","15,135","12,670","10,984","6,372","6,242","3,946","6,957","4,240","3,463","4,882","4,960","7,002","13,244","12,892","14,974","7,231","6,636","4,658","7,601","4,944","3,905","5,377","6,147","8,695","14,298","17,056","14,729","8,706","7,208","4,496","8,189","5,069","3,906","5,537","6,269","8,746","13,252","20,304","14,394","10,282","6,684","5,104","7,768","5,118","3,865","5,427","6,765","8,098","12,578","25,554","16,968","10,207","7,414","5,572","8,755","5,620","3,924","6,464","6,364","8,648","18,554","18,957","16,093","9,165","7,909","6,601","8,435","4,961","4,030","6,183","5,401","7,264","16,773","18,568","17,692","8,593","7,007","6,015","8,968","5,613","4,480","5,952","6,995","9,257","18,594","21,764","20,087","9,134","7,962","6,120","8,921","5,586","4,879","3,405","266","609","614","1,756","2,140","1,699","1,702","1,703","2,274","1,585","1,122","986","1,146","1,541","3,030","6,751","5,550","5,608","4,490","3,245","6,150","1,931","2,094","3,551","4,736","5,810","11,209","16,454","9,720","6,535","5,547","4,427","6,778","3,443","3,385","4,612","6,441","8,332","19,519","20,294","14,666","12,710","9,404","6,189","9,297","4,732","4,902","6,598","7,993","10,455","20,308","21,911","15,860","9,768","9,216","6,400","9,451","5,122","5,249","7,483"
"Northeast Asia","154,151","132,555","139,326","99,685","55,691","56,133","50,380","44,537","65,163","69,642","88,246","120,747","148,628","134,220","85,251","54,733","33,096","48,991","41,571","45,301","52,085","63,677","80,119","94,123","129,100","121,593","115,630","98,398","51,886","53,832","46,453","41,649","48,833","37,042","32,129","50,562","77,787","87,139","80,470","72,438","40,711","48,832","44,915","43,286","49,984","57,948","84,675","104,519","120,025","116,631","125,522","116,373","48,405","50,800","44,799","50,664","58,607","63,697","83,778","106,299","123,645","114,296","112,768","98,161","54,314","57,249","49,770","47,864","58,198","60,639","84,820","107,585","128,699","112,816","109,979","91,751","50,153","56,245","45,120","50,098","56,709","57,343","77,300","96,056","124,980","110,797","108,010","82,618","46,964","54,520","44,165","48,191","51,060","49,789","77,232","95,471","121,074","103,882","97,393","74,113","36,820","46,938","42,301","36,576","45,150","46,759","53,463","64,614","89,176","81,387","81,496","58,697","35,378","45,198","36,885","42,318","46,976","47,886","67,164","93,276","112,083","101,582","85,267","69,327","36,823","48,444","43,318","39,057","39,857","47,563","68,779","89,629","120,689","104,210","93,378","70,907","39,804","52,379","50,361","40,850","49,335","48,132","70,810","95,569","126,786","112,475","94,849","80,006","41,466","57,296","45,416","56,506","54,008","51,326","80,850","106,778","138,996","134,387","108,566","78,726","44,987","60,576","60,180","54,521","56,083","61,565","100,210","126,506","172,232","160,225","131,590","102,168","51,914","71,357","55,354","73,414","63,804","68,096","107,719","133,815","183,797","164,353","152,032","106,510","54,970","76,969","65,521","80,708","66,919","76,887","117,064","168,404","219,737","200,154","183,096","132,048","68,065","86,055","91,509","76,720","78,623","93,321","130,166","171,545","225,440","201,591","201,386","156,698","82,228","93,055","80,857","106,821","85,085","85,768","132,933","170,152","216,855","193,787","183,797","142,193","76,564","91,658","97,679","93,439","79,327","96,655","135,117","168,972","221,022","208,771","188,798","133,174","70,381","94,884","108,897","58,011","20,534","1,490","1,834","2,944","3,202","6,032","4,576","3,650","3,626","4,105","3,871","2,919","2,918","3,406","3,348","4,027","7,037","14,146","12,966","9,605","9,561","14,648","6,986","5,713","8,865","11,645","19,525","29,547","40,173","36,286","33,737","32,412","26,658","37,558","35,379","27,529","34,079","35,737","56,729","76,460","98,286","76,836","81,386","74,974","39,221","50,371","41,275","50,552","44,625","48,753","78,099","98,200","118,909","99,505","99,646","83,872","42,809","56,879","64,642","45,159","47,593"
"Southeast Asia","12,356","8,915","9,361","7,415","5,354","9,247","4,152","4,118","6,061","10,390","15,465","16,289","11,971","13,719","11,525","6,789","4,791","8,000","4,789","4,686","5,926","7,787","16,919","15,034","14,293","12,032","10,398","7,410","5,839","8,230","4,231","3,434","4,826","4,377","6,459","8,484","10,026","11,396","9,377","6,403","4,793","7,907","3,792","3,531","4,781","7,811","13,544","12,919","9,524","11,145","10,418","7,577","5,414","8,572","3,827","4,111","6,341","8,766","13,674","14,384","12,441","10,590","12,336","8,423","6,220","9,241","4,661","4,590","7,247","8,923","14,481","14,852","13,293","12,887","11,329","8,707","6,485","9,931","4,848","5,313","7,948","9,386","13,982","16,570","15,022","12,576","12,772","9,857","8,073","10,314","5,785","5,485","6,944","10,583","17,515","17,833","13,810","12,190","13,625","10,226","8,353","10,504","5,837","6,312","7,912","10,246","14,582","15,850","14,791","12,174","12,961","8,682","5,940","8,906","5,006","4,788","7,419","8,930","13,820","18,670","14,866","12,792","15,179","9,274","7,121","10,463","5,468","5,311","7,805","10,661","19,692","21,160","18,028","17,291","16,538","10,329","7,567","11,990","5,945","6,217","8,988","10,987","18,196","21,769","17,491","18,412","14,733","11,494","8,270","13,103","6,514","6,297","9,801","12,335","19,936","23,261","18,474","21,444","15,981","11,260","7,335","12,542","6,584","6,800","9,159","12,819","21,493","25,534","23,637","20,175","17,085","12,365","8,277","14,297","6,134","5,721","8,596","12,929","21,590","24,337","25,593","17,028","16,059","11,523","8,102","13,376","6,525","5,815","8,307","13,086","20,838","27,905","27,494","20,280","18,985","13,034","8,405","14,849","7,274","7,040","9,117","16,151","22,152","32,181","24,254","19,948","19,095","14,709","10,788","17,643","7,706","7,085","9,889","13,977","26,653","37,527","24,581","22,613","20,919","16,259","10,868","17,683","9,221","8,244","11,075","20,122","31,486","40,385","28,917","28,682","26,006","17,739","11,749","21,128","9,868","8,018","4,935","494","384","782","1,280","1,848","1,528","1,536","1,737","1,735","1,367","1,239","1,272","1,456","1,656","1,864","1,829","3,049","3,149","2,929","3,271","8,529","2,915","2,908","4,667","6,817","9,473","13,789","12,950","10,587","15,696","11,982","8,953","16,081","8,416","8,454","10,048","14,781","23,299","31,523","27,351","20,852","28,280","24,117","14,890","19,575","9,496","11,275","14,099","20,560","34,060","45,076","32,248","25,009","28,367","22,302","13,019","20,647","10,960","10,254","14,157"
"Southern Asia","10,807","9,165","7,849","5,636","4,631","4,210","3,600","3,311","4,602","5,857","10,401","11,522","10,733","11,496","7,361","5,058","4,333","4,088","3,212","3,136","4,763","5,933","9,184","10,915","10,633","11,704","8,137","6,124","4,518","4,566","3,675","4,204","5,037","5,513","7,990","10,490","10,969","11,517","8,448","6,077","4,423","4,367","3,729","3,628","4,801","6,671","11,885","13,129","13,429","13,600","10,854","7,657","5,132","5,362","4,426","4,170","5,837","7,182","13,111","16,380","15,531","14,614","12,685","7,740","6,489","6,452","6,029","5,128","6,835","8,716","14,421","15,542","14,762","15,687","12,264","8,524","7,377","6,916","6,058","5,936","8,160","10,408","17,215","20,674","17,741","16,199","13,284","9,326","7,856","7,289","6,354","6,208","8,091","9,979","19,298","21,493","19,546","17,523","15,149","10,428","7,950","7,854","7,439","6,621","8,534","11,063","17,916","19,380","18,552","18,077","15,030","11,286","7,284","9,475","8,507","6,656","10,680","12,682","21,962","24,735","22,555","23,263","16,876","11,187","7,929","11,270","8,712","7,222","10,173","12,676","21,514","27,144","24,972","24,674","18,594","12,579","9,746","13,937","9,049","8,250","11,801","15,265","25,228","26,398","23,236","22,803","18,208","12,015","9,067","13,443","8,377","8,148","11,407","15,119","24,868","28,316","24,167","25,205","18,145","12,280","10,377","14,384","8,947","8,807","11,777","17,230","27,529","32,750","32,980","29,279","21,250","13,801","11,192","16,589","10,367","9,209","12,227","18,217","32,435","36,049","32,727","30,587","24,522","16,200","12,390","14,596","11,047","10,420","13,154","18,396","34,611","43,488","36,491","36,868","27,705","18,034","14,625","19,715","12,018","11,972","18,163","24,382","44,235","54,243","40,973","39,255","29,419","20,824","18,001","22,009","16,198","13,156","21,874","26,374","46,503","61,085","47,463","49,436","38,735","24,952","20,342","25,694","18,575","17,190","27,359","35,514","61,728","71,893","54,818","56,908","41,851","31,325","22,090","32,076","18,850","17,831","11,402","1,176","986","1,587","2,739","5,747","9,705","6,112","5,229","7,042","6,761","8,019","6,950","9,099","1,971","3,346","5,884","9,264","15,629","19,652","16,167","14,781","7,101","10,585","16,662","21,867","37,803","44,453","36,585","24,392","33,298","37,292","20,083","18,423","16,011","18,950","26,433","33,899","93,664","80,141","76,539","41,710","47,756","41,805","30,957","28,923","26,107","34,896","37,518","44,404","90,889","84,334","82,285","47,228","40,055","31,955","23,639","22,148","25,069","32,172","41,116"
"Asia, n.o.s. 6","0","0","0","0","0","0","0","0","0","0","0","0","0","0","0","0","0","0","0","0","0","0","0","0","0","0","0","0","0","0","0","0","0","0","0","0","0","0","0","0","0","0","0","0","0","0","0","0","0","0","0","0","0","0","0","0","0","0","0","0","0","0","0","0","0","0","0","0","0","0","0","0","0","0","0","0","0","0","0","0","0","0","0","0","0","0","0","0","0","0","0","0","0","0","0","0","0","0","0","0","0","0","0","0","0","0","0","0","0","0","0","0","0","0","0","0","0","0","0","0","0","0","0","0","0","0","0","0","0","0","0","0","0","0","0","0","0","0","0","0","0","0","0","0","0","0","0","0","0","0","0","0","0","0","0","0","0","0","0","0","0","0","0","0","0","0","0","0","0","0","0","0","0","0","0","0","0","0","0","0","0","0","0","0","0","0","0","0","0","0","0","0","0","0","0","0","0","0","0","0","0","0","0","0","0","0","0","0","0","0","0","0","0","0","0","0","0","0","0","0","0","0","0","0","0","0","0","0","0","0","0","0","0","0","0","0","0","0","0","0","0","0","0","0","0","0","0","0","0","0","0","0","0","0","0","0","0","0","0","0","0","0","0","0","0","0","0","0","0","0","0","0","0","0","0","0","0","0","0","0","0","0","0","0","0","0","0","0","0","0","0","0","0","0","0","0","0"
"Oceania","26,584","24,454","25,180","14,118","10,759","19,222","15,789","11,243","11,984","13,764","23,759","25,297","25,173","23,459","22,481","11,075","7,685","16,099","12,201","9,503","10,167","10,500","19,481","22,902","26,047","23,473","22,480","12,004","9,484","19,278","16,256","9,993","9,192","9,834","19,507","23,130","21,359","21,343","22,425","10,504","8,212","17,281","14,840","10,076","9,057","11,375","26,029","27,777","27,077","28,636","28,018","13,308","9,500","19,546","16,705","10,948","10,439","12,654","31,503","33,994","32,986","28,665","31,489","13,130","9,837","20,625","14,944","9,791","10,274","13,022","32,469","34,110","29,926","29,568","30,673","13,360","9,720","21,013","15,898","10,507","10,829","14,729","36,802","37,396","31,469","31,338","33,145","15,880","12,284","26,060","20,045","11,824","11,006","15,845","39,865","39,952","35,291","37,311","37,272","16,635","12,317","23,908","18,428","11,837","10,474","14,306","31,810","32,578","33,337","29,487","28,988","15,971","11,730","20,864","15,555","11,573","13,101","15,923","37,033","38,485","36,236","36,627","34,884","17,126","12,298","26,121","18,490","11,330","11,521","16,181","38,562","40,092","38,436","35,641","36,537","17,263","11,392","25,457","18,583","12,741","12,512","16,720","37,140","41,578","43,075","39,585","43,072","18,517","12,106","27,706","20,099","13,715","12,967","15,799","35,814","42,608","44,852","44,004","43,605","19,629","13,558","27,967","21,531","13,528","11,866","17,110","40,272","47,306","45,548","46,840","47,699","20,951","13,473","31,533","23,072","13,389","12,481","16,260","42,627","47,901","47,894","49,939","48,132","20,839","12,383","32,601","24,603","13,256","12,934","18,981","41,282","53,906","60,371","57,115","53,927","25,670","17,047","39,182","31,297","16,202","15,053","22,999","48,809","59,921","58,490","54,438","56,732","23,030","14,333","41,880","32,038","15,349","14,330","19,935","47,658","57,183","56,324","55,912","52,411","23,383","15,758","44,093","33,019","16,354","14,953","22,262","51,473","58,268","59,968","55,290","56,200","23,607","15,960","41,697","32,324","18,010","7,283","295","123","280","947","1,085","501","404","476","360","238","257","214","221","233","353","731","681","951","1,093","1,737","6,183","4,371","4,126","5,197","8,507","12,683","24,936","28,969","26,762","26,012","15,266","12,674","37,359","29,212","15,581","13,697","18,126","37,293","45,236","44,982","45,612","42,657","21,291","14,615","36,923","26,305","16,249","15,309","20,245","43,827","50,873","48,269","44,905","46,744","22,421","15,034","36,381","26,632","16,811","14,646"
"Australasia","26,079","24,141","24,932","13,915","10,610","18,863","15,597","11,099","11,760","13,605","23,567","25,019","24,732","23,168","22,220","10,944","7,600","15,856","12,095","9,412","9,978","10,383","19,244","22,688","25,471","23,230","22,270","11,884","9,371","19,057","16,118","9,876","8,966","9,728","19,355","22,883","21,124","21,136","22,181","10,371","8,094","17,075","14,690","9,942","8,897","11,239","25,790","27,502","26,738","28,395","27,681","13,132","9,395","19,258","16,563","10,858","10,144","12,445","31,165","33,608","32,569","28,368","31,155","12,909","9,626","20,297","14,836","9,609","10,078","12,851","32,230","33,774","29,482","29,174","30,306","13,162","9,565","20,632","15,726","10,344","10,446","14,475","36,471","37,012","30,901","30,923","32,675","15,583","12,098","25,646","19,824","11,635","10,733","15,561","39,520","39,432","34,620","36,728","36,821","16,283","12,149","23,539","18,172","11,660","10,209","14,137","31,511","32,181","32,787","29,121","28,693","15,743","11,556","20,568","15,339","11,411","12,900","15,727","36,695","38,117","35,744","36,154","34,521","16,872","12,112","25,741","18,240","11,173","11,382","15,950","38,182","39,725","37,870","35,177","36,165","17,122","11,271","25,110","18,263","12,578","12,360","16,435","36,899","41,279","42,562","38,975","42,733","18,380","11,997","27,251","19,869","13,526","12,817","15,641","35,383","42,108","44,269","43,334","43,265","19,481","13,428","27,624","21,265","13,412","11,647","16,978","39,984","46,870","45,038","46,313","47,341","20,725","13,344","31,113","22,835","13,300","12,313","16,041","42,287","47,453","47,275","49,286","47,796","20,667","12,247","32,245","24,375","13,109","12,775","18,768","40,978","53,412","59,860","56,614","53,519","25,476","16,860","38,717","31,084","16,067","14,883","22,797","48,458","59,355","57,844","53,814","56,290","22,703","14,090","41,359","31,773","15,128","14,062","19,627","47,192","56,449","55,537","55,142","51,788","22,997","15,390","43,454","32,701","16,071","14,670","21,939","50,973","57,588","59,168","54,594","55,652","23,070","15,693","41,143","32,057","17,802","7,096","280","117","192","358","374","305","302","361","272","188","192","166","158","177","280","574","420","750","867","1,583","5,861","4,255","4,024","5,017","8,159","12,309","24,255","28,309","26,139","25,374","14,987","12,377","36,621","28,860","15,206","13,319","17,701","36,532","44,394","43,962","44,720","41,685","20,722","14,257","36,228","25,905","15,846","14,940","19,780","43,106","50,070","47,395","44,086","46,103","21,972","14,656","35,623","26,258","16,459","14,283"
"Melanesia","247","223","191","154","127","277","166","112","122","133","149","214","266","176","197","103","62","161","70","71","100","85","148","148","215","168","156","68","92","161","97","72","83","74","104","175","147","160","166","85","72","147","108","80","111","113","138","168","155","165","260","88","73","163","103","54","84","143","202","258","201","194","196","132","123","202","53","62","72","120","153","216","209","304","191","116","93","204","114","107","153","181","213","259","316","305","326","167","142","241","176","132","138","218","194","329","345","441","259","241","109","270","189","100","134","124","188","249","289","277","192","134","110","197","124","114","118","107","211","265","271","306","194","167","121","200","156","73","82","139","186","247","311","230","199","72","69","210","254","79","92","183","166","201","270","354","250","84","78","300","159","132","90","106","287","325","302","441","216","82","108","239","184","90","155","83","202","249","249","332","231","134","93","212","192","57","88","140","211","234","270","425","249","120","69","238","199","86","108","157","205","256","288","309","309","110","150","238","165","94","103","129","242","335","339","374","264","182","106","248","178","115","116","162","239","310","302","358","253","152","158","330","185","137","143","162","297","356","339","363","293","216","148","318","142","131","88","4","1","4","8","3","3","9","12","13","8","2","9","10","6","16","38","21","42","29","34","126","57","39","79","138","129","154","284","302","190","89","177","410","234","223","209","180","342","405","479","442","492","314","223","408","298","258","214","268","419","426","425","443","371","263","210","346","256","237","205"
"Micronesia","51","23","17","24","7","14","6","10","3","3","18","22","33","39","26","11","7","12","8","9","6","6","6","18","16","8","14","6","7","5","9","13","11","4","12","9","28","12","13","12","9","10","7","4","7","2","14","31","23","31","22","14","0","18","2","11","24","6","42","24","38","11","38","14","15","4","11","12","18","13","20","15","24","10","9","6","10","9","4","14","8","13","23","16","36","11","10","15","2","6","5","8","5","8","21","7","12","10","16","5","9","6","0","7","13","12","24","17","23","6","11","10","18","13","4","3","7","7","22","15","14","8","7","10","5","16","8","10","0","4","14","26","13","14","11","8","4","0","0","15","3","12","13","16","5","11","4","6","8","5","15","4","3","6","7","21","23","7","6","10","6","2","7","2","3","6","9","6","2","14","19","10","0","4","3","6","4","25","9","34","10","19","4","1","5","4","0","4","3","7","47","25","13","1","8","11","1","3","3","10","7","49","24","70","94","79","55","56","58","85","21","30","40","36","59","109","86","88","88","39","53","86","44","34","39","68","66","114","149","110","72","212","36","49","52","21","26","10","5","15","9","9","10","6","16","11","3","4","13","13","1","7","13","12","31","29","51","33","11","18","20","58","51","202","83","59","237","41","56","61","37","30","35","45","212","138","157","127","198","62","24","51","26","25","35","53","91","128","94","147","45","50","35","91","28","20","36"
"Polynesia","207","67","40","25","15","68","20","22","99","23","25","42","142","76","38","17","16","70","28","11","83","26","83","48","345","67","40","46","14","55","32","32","132","28","36","63","60","35","65","36","37","49","35","50","42","21","87","76","161","45","55","74","32","107","37","25","187","60","94","104","178","92","100","75","73","122","44","108","106","38","66","105","211","80","167","76","52","168","54","42","222","60","95","109","216","99","134","115","42","167","40","49","130","58","130","184","314","132","176","106","50","93","67","70","118","33","87","131","238","83","92","84","46","86","88","45","76","82","105","88","207","159","162","77","60","164","86","74","57","88","180","94","242","220","162","61","48","137","66","69","57","90","62","82","238","245","85","47","23","150","56","53","57","46","137","154","258","222","118","56","16","102","75","24","61","43","77","181","259","181","108","82","36","204","42","26","76","54","120","180","339","209","83","51","62","114","29","57","48","49","52","213","210","191","91","73","36","224","45","31","60","24","85","161","213","171","123","89","79","188","66","76","112","110","168","315","399","324","282","195","157","223","89","112","101","93","137","210","312","223","183","109","83","187","73","56","73","1","0","69","572","699","183","87","87","64","39","59","26","40","49","50","106","228","128","168","69","163","48","45","81","152","194","325","293","262","211","149","64","267","81","122","134","200","207","299","384","323","282","193","111","236","76","120","120","144","211","249","355","229","225","136","133","321","90","95","122"
"Oceania, n.o.s. 7","0","0","0","0","0","0","0","0","0","0","0","0","0","0","0","0","0","0","0","0","0","0","0","0","0","0","0","0","0","0","0","0","0","0","0","0","0","0","0","0","0","0","0","0","0","0","0","0","0","0","0","0","0","0","0","0","0","0","0","0","0","0","0","0","0","0","0","0","0","0","0","0","0","0","0","0","0","0","0","0","0","0","0","0","0","0","0","0","0","0","0","0","0","0","0","0","0","0","0","0","0","0","0","0","0","0","0","0","0","0","0","0","0","0","0","0","0","0","0","0","0","0","0","0","0","0","0","0","0","0","0","0","0","0","0","0","0","0","0","0","0","0","0","0","0","0","0","0","0","0","0","0","0","0","0","0","0","0","0","0","0","0","0","0","0","0","0","0","0","0","0","0","0","0","0","0","0","0","0","0","0","0","0","0","0","0","0","0","0","0","0","0","0","0","0","0","0","0","0","0","0","0","0","0","0","0","0","0","0","0","0","0","0","0","0","0","0","0","0","0","0","0","0","0","0","0","0","0","0","0","0","0","0","0","0","0","0","0","0","0","0","0","0","0","0","0","0","0","0","0","0","0","0","0","0","0","0","0","0","0","0","0","0","0","0","0","0","0","0","0","0","0","0","0","0","0","0","0","0","0","0","0","0","0","0","0","0","0","0","0","0","0","0","0","0","0","0"
"Antarctica and Adjacent Islands","0","0","0","0","0","0","0","0","0","0","0","0","0","0","0","0","0","0","0","0","0","0","0","0","0","0","0","0","0","0","0","0","0","0","0","0","0","0","0","0","0","0","0","0","0","0","0","0","0","0","0","0","0","0","0","0","0","0","0","0","0","0","0","0","0","0","0","0","0","0","0","0","0","0","0","0","0","0","0","0","0","0","0","0","0","0","0","0","0","0","0","0","0","0","0","0","0","0","0","0","0","0","0","0","0","0","0","0","0","0","0","0","0","0","0","0","0","0","0","0","0","0","0","0","0","0","0","0","0","0","0","0","0","0","0","0","0","0","0","0","0","0","0","0","0","0","0","0","0","0","0","0","0","0","0","0","0","0","0","0","0","0","0","0","0","0","0","0","0","0","0","0","0","0","0","0","0","0","0","0","0","0","0","0","0","0","0","0","0","0","0","0","0","0","0","0","0","0","0","0","0","0","0","0","0","0","0","0","0","0","15","31","46","64","102","141","147","152","136","107","57","75","41","36","70","35","39","57","58","78","61","52","33","38","30","28","15","1","5","5","5","2","5","9","6","5","0","3","7","11","14","25","11","15","33","40","17","25","10","20","37","72","89","117","104","53","26","39","30","47","14","22","23","41","46","71","75","88","70","67","38","38","11","19","22","25","32","47","42","26","32","30","26","51","14","18","14"
"Antarctica and Adjacent Islands Region","0","0","0","0","0","0","0","0","0","0","0","0","0","0","0","0","0","0","0","0","0","0","0","0","0","0","0","0","0","0","0","0","0","0","0","0","0","0","0","0","0","0","0","0","0","0","0","0","0","0","0","0","0","0","0","0","0","0","0","0","0","0","0","0","0","0","0","0","0","0","0","0","0","0","0","0","0","0","0","0","0","0","0","0","0","0","0","0","0","0","0","0","0","0","0","0","0","0","0","0","0","0","0","0","0","0","0","0","0","0","0","0","0","0","0","0","0","0","0","0","0","0","0","0","0","0","0","0","0","0","0","0","0","0","0","0","0","0","0","0","0","0","0","0","0","0","0","0","0","0","0","0","0","0","0","0","0","0","0","0","0","0","0","0","0","0","0","0","0","0","0","0","0","0","0","0","0","0","0","0","0","0","0","0","0","0","0","0","0","0","0","0","0","0","0","0","0","0","0","0","0","0","0","0","0","0","0","0","0","0","15","31","46","64","102","141","147","152","136","107","57","75","41","36","70","35","39","57","58","78","61","52","33","38","30","28","15","1","5","5","5","2","5","9","6","5","0","3","7","11","14","25","11","15","33","40","17","25","10","20","37","72","89","117","104","53","26","39","30","47","14","22","23","41","46","71","75","88","70","67","38","38","11","19","22","25","32","47","42","26","32","30","26","51","14","18","14"
"Antarctica and Adjacent Islands, n.o.s. 8","0","0","0","0","0","0","0","0","0","0","0","0","0","0","0","0","0","0","0","0","0","0","0","0","0","0","0","0","0","0","0","0","0","0","0","0","0","0","0","0","0","0","0","0","0","0","0","0","0","0","0","0","0","0","0","0","0","0","0","0","0","0","0","0","0","0","0","0","0","0","0","0","0","0","0","0","0","0","0","0","0","0","0","0","0","0","0","0","0","0","0","0","0","0","0","0","0","0","0","0","0","0","0","0","0","0","0","0","0","0","0","0","0","0","0","0","0","0","0","0","0","0","0","0","0","0","0","0","0","0","0","0","0","0","0","0","0","0","0","0","0","0","0","0","0","0","0","0","0","0","0","0","0","0","0","0","0","0","0","0","0","0","0","0","0","0","0","0","0","0","0","0","0","0","0","0","0","0","0","0","0","0","0","0","0","0","0","0","0","0","0","0","0","0","0","0","0","0","0","0","0","0","0","0","0","0","0","0","0","0","0","0","0","0","0","0","0","0","0","0","0","0","0","0","0","0","0","0","0","0","0","0","0","0","0","0","0","0","0","0","0","0","0","0","0","0","0","0","0","0","0","0","0","0","0","0","0","0","0","0","0","0","0","0","0","0","0","0","0","0","0","0","0","0","0","0","0","0","0","0","0","0","0","0","0","0","0","0","0","0","0","0","0","0","0","0","0"




Footnotes:
1,"Throughout the existence of the Tourism Statistics Program, Statistics Canada introduced changes to improve the quality of its data (for example, a new method for estimating the country of residence breakdowns of overseas travellers entering Canada at land ports was implemented in August 2018). For further information on the methodology used by Frontier Counts or the changes implemented over time, users are advised to consult the <a href="https://www23.statcan.gc.ca/imdb/p2SV.pl?Function=getSurvey&SDDS=5005" rel="external noopener noreferrer" target="_blank">Frontier Counts (opens new window)</a> pages."
2,"Countries align with the <a href="https://www23.statcan.gc.ca/imdb/p3VD.pl?Function=getVD&TVD=1521179" rel="external noopener noreferrer" target="_blank">Variant of the Standard Classification of Countries and Areas of Interest 2022 for Travel Statistics (opens new window)</a>."
3,"Americas, not otherwise specified (n.o.s.) includes persons who report Americas."
4,"Europe, not otherwise specified (n.o.s.) includes persons who report Europe."
5,"Africa, not otherwise specified (n.o.s.) includes persons who report Africa."
6,"Asia, not otherwise specified (n.o.s.) includes persons who report Asia."
7,"Oceania, not otherwise specified (n.o.s.) includes persons who report Oceania."
8,"Antarctica and Adjacent Islands, not otherwise specified (n.o.s.) includes persons who report Antarctica and Adjacent Islands."



"How to cite: Statistics Canada. Table 24-10-0050-01  Non-resident visitors entering Canada, by country of residence"
https://www150.statcan.gc.ca/t1/tbl1/en/tv.action?pid=2410005001